2025-08-07_19-52-45,None,Shell.java:2025-08-07_19-52-45
2025-08-07_19-52-48,None,Shell.java:2025-08-07_19-52-45
2025-08-07_19-52-54,None,Shell.java:2025-08-07_19-52-54
2025-08-07_19-53-18,None,Shell.java:2025-08-07_19-53-18
2025-08-07_19-53-27,None,Shell.java:2025-08-07_19-53-27
2025-08-07_19-53-38,None,Shell.java:2025-08-07_19-53-38
2025-08-07_19-54-03,None,Shell.java:2025-08-07_19-53-38
2025-08-08_02-19-07,None,Shell.java:2025-08-07_19-53-38
2025-08-08_02-19-24,None,Shell.java:2025-08-07_19-53-38
2025-08-08_02-23-29,None,Shell.java:2025-08-08_02-23-29
2025-08-08_02-23-31,None,Shell.java:2025-08-08_02-23-29
2025-08-08_02-24-29,None,Shell.java:2025-08-08_02-24-29
2025-08-08_02-24-39,None,Shell.java:2025-08-08_02-24-39
2025-08-08_02-24-49,None,Shell.java:2025-08-08_02-24-49
2025-08-08_02-26-37,None,Shell.java:2025-08-08_02-24-49
2025-08-08_02-28-54,None,Shell.java:2025-08-08_02-28-54
2025-08-08_02-29-07,None,Shell.java:2025-08-08_02-29-07
2025-08-08_02-29-14,None,Shell.java:2025-08-08_02-29-07
2025-08-08_02-38-27,None,Shell.java:2025-08-08_02-38-27
2025-08-08_02-38-41,None,Shell.java:2025-08-08_02-38-27
2025-08-08_03-10-54,None,Shell.java:2025-08-08_03-10-54
2025-08-08_03-11-08,None,Shell.java:2025-08-08_03-11-08
2025-08-08_03-12-19,None,Shell.java:2025-08-08_03-11-08
2025-08-08_03-12-21,None,Shell.java:2025-08-08_03-11-08
2025-08-08_03-12-58,None,Shell.java:2025-08-08_03-12-58
2025-08-08_03-13-29,None,Shell.java:2025-08-08_03-13-29
2025-08-08_03-13-32,None,Shell.java:2025-08-08_03-13-29
2025-08-08_03-13-46,None,Shell.java:2025-08-08_03-13-29
2025-08-08_03-15-41,None,Shell.java:2025-08-08_03-13-29
2025-08-08_03-21-08,None,Shell.java:2025-08-08_03-21-08
2025-08-08_03-21-23,None,Shell.java:2025-08-08_03-21-08
2025-08-08_03-21-38,None,Shell.java:2025-08-08_03-21-38
2025-08-08_03-21-51,None,Shell.java:2025-08-08_03-21-38
2025-08-08_03-21-56,None,Shell.java:2025-08-08_03-21-38
2025-08-08_03-28-16,None,Shell.java:2025-08-08_03-28-16
