2025-08-12_18-13-56,None,draft.java:2025-08-12_18-13-56
2025-08-12_18-49-58,None,Towel.java:2025-08-12_18-49-58;draft.java:2025-08-12_18-49-58
2025-08-12_18-50-01,None,Towel.java:2025-08-12_18-49-58;draft.java:2025-08-12_18-49-58
2025-08-12_18-51-28,None,Towel.java:2025-08-12_18-49-58;draft.java:2025-08-12_18-51-28
2025-08-12_18-51-29,None,Towel.java:2025-08-12_18-49-58;draft.java:2025-08-12_18-51-28
2025-08-12_18-51-31,None,Towel.java:2025-08-12_18-49-58;draft.java:2025-08-12_18-51-28
2025-08-12_18-51-44,None,Towel.java:2025-08-12_18-49-58;draft.java:2025-08-12_18-51-44
2025-08-12_18-55-07,None,Towel.java:2025-08-12_18-49-58;draft.java:2025-08-12_18-55-07
2025-08-12_18-56-40,None,Towel.java:2025-08-12_18-49-58;draft.java:2025-08-12_18-56-40
2025-08-12_18-57-06,None,Towel.java:2025-08-12_18-49-58;draft.java:2025-08-12_18-57-06
2025-08-12_18-57-50,None,Towel.java:2025-08-12_18-49-58;draft.java:2025-08-12_18-57-50
2025-08-12_18-58-18,None,Towel.java:2025-08-12_18-49-58;draft.java:2025-08-12_18-58-18
2025-08-12_18-58-25,None,Towel.java:2025-08-12_18-49-58;draft.java:2025-08-12_18-58-25
2025-08-12_18-59-21,None,Towel.java:2025-08-12_18-59-21;draft.java:2025-08-12_18-58-25
2025-08-12_19-03-21,None,Towel.java:2025-08-12_19-03-21;draft.java:2025-08-12_18-58-25
2025-08-12_19-04-55,None,Towel.java:2025-08-12_19-04-55;draft.java:2025-08-12_18-58-25
2025-08-12_19-05-54,None,Towel.java:2025-08-12_19-05-54;draft.java:2025-08-12_18-58-25
2025-08-12_19-06-14,None,Towel.java:2025-08-12_19-06-14;draft.java:2025-08-12_18-58-25
2025-08-12_19-08-33,None,Towel.java:2025-08-12_19-06-14;draft.java:2025-08-12_19-08-33
2025-08-12_19-09-03,None,Towel.java:2025-08-12_19-06-14;draft.java:2025-08-12_19-09-03
2025-08-12_19-09-36,None,Towel.java:2025-08-12_19-06-14;draft.java:2025-08-12_19-09-36
2025-08-12_19-09-39,None,Towel.java:2025-08-12_19-06-14;draft.java:2025-08-12_19-09-36
2025-08-12_19-09-50,None,Towel.java:2025-08-12_19-06-14;draft.java:2025-08-12_19-09-50
2025-08-12_19-11-24,None,Towel.java:2025-08-12_19-06-14;draft.java:2025-08-12_19-11-24
2025-08-12_19-11-42,None,Towel.java:2025-08-12_19-06-14;draft.java:2025-08-12_19-11-24
2025-08-12_19-12-06,None,Towel.java:2025-08-12_19-06-14;draft.java:2025-08-12_19-12-06
2025-08-12_19-12-11,None,Towel.java:2025-08-12_19-06-14;draft.java:2025-08-12_19-12-11
2025-08-12_19-12-16,None,Towel.java:2025-08-12_19-06-14;draft.java:2025-08-12_19-12-11
2025-08-12_19-12-17,None,Towel.java:2025-08-12_19-06-14;draft.java:2025-08-12_19-12-11
2025-08-12_19-23-21,None,Towel.java:2025-08-12_19-06-14;draft.java:2025-08-12_19-23-21
2025-08-12_19-26-38,None,Towel.java:2025-08-12_19-06-14;draft.java:2025-08-12_19-26-38
2025-08-12_19-28-42,None,Towel.java:2025-08-12_19-28-42;draft.java:2025-08-12_19-26-38
2025-08-12_19-28-58,None,Towel.java:2025-08-12_19-28-58;draft.java:2025-08-12_19-26-38
2025-08-12_19-30-57,None,Towel.java:2025-08-12_19-30-57;draft.java:2025-08-12_19-26-38
2025-08-12_19-32-33,None,Towel.java:2025-08-12_19-32-33;draft.java:2025-08-12_19-26-38
2025-08-12_19-36-11,None,Towel.java:2025-08-12_19-36-11;draft.java:2025-08-12_19-36-11
2025-08-12_19-37-04,None,draft.java:2025-08-12_19-36-11;Towel.java:2025-08-12_19-36-11
2025-08-12_19-37-35,None,draft.java:2025-08-12_19-37-35;Towel.java:2025-08-12_19-36-11
2025-08-12_19-44-40,None,draft.java:2025-08-12_19-44-40;Towel.java:2025-08-12_19-36-11
2025-08-12_19-45-03,None,draft.java:2025-08-12_19-45-03;Towel.java:2025-08-12_19-36-11
2025-08-12_19-45-28,None,draft.java:2025-08-12_19-45-28;Towel.java:2025-08-12_19-36-11
2025-08-12_19-45-35,None,draft.java:2025-08-12_19-45-28;Towel.java:2025-08-12_19-36-11
2025-08-12_19-46-06,None,Towel.java:2025-08-12_19-36-11;draft.java:2025-08-12_19-46-06
2025-08-12_19-46-08,None,Towel.java:2025-08-12_19-36-11;draft.java:2025-08-12_19-46-06
2025-08-12_19-46-39,None,draft.java:2025-08-12_19-46-06;Towel.java:2025-08-12_19-36-11
2025-08-12_19-48-23,None,draft.java:2025-08-12_19-46-06;Towel.java:2025-08-12_19-36-11
2025-08-12_19-50-58,None,Towel.java:2025-08-12_19-36-11;draft.java:2025-08-12_19-50-58
2025-08-12_19-51-07,None,draft.java:2025-08-12_19-50-58;Towel.java:2025-08-12_19-36-11
2025-08-12_19-51-10,None,draft.java:2025-08-12_19-50-58;Towel.java:2025-08-12_19-36-11
2025-08-12_20-02-11,None,draft.java:2025-08-12_19-50-58;Towel.java:2025-08-12_19-36-11
2025-08-12_20-02-15,None,draft.java:2025-08-12_19-50-58;Towel.java:2025-08-12_19-36-11
