2025-08-07_10-58-11,None,Shell.java:2025-08-07_10-58-11
2025-08-07_10-58-12,None,Shell.java:2025-08-07_10-58-11
2025-08-07_10-58-19,None,Shell.java:2025-08-07_10-58-19
2025-08-07_10-58-21,None,Shell.java:2025-08-07_10-58-19
2025-08-07_11-07-00,None,Shell.java:2025-08-07_11-07-00
2025-08-07_11-07-02,None,Shell.java:2025-08-07_11-07-00
2025-08-07_11-07-03,None,Shell.java:2025-08-07_11-07-00
2025-08-07_11-13-12,None,Shell.java:2025-08-07_11-13-12
2025-08-07_11-13-13,None,Shell.java:2025-08-07_11-13-12
2025-08-07_11-13-19,None,Shell.java:2025-08-07_11-13-19
2025-08-07_11-13-29,None,Shell.java:2025-08-07_11-13-29
2025-08-07_11-19-57,None,Shell.java:2025-08-07_11-19-57
2025-08-07_11-19-59,None,Shell.java:2025-08-07_11-19-57
2025-08-07_11-26-16,None,Shell.java:2025-08-07_11-26-16
2025-08-07_11-26-18,None,Shell.java:2025-08-07_11-26-16
2025-08-07_11-33-45,None,Shell.java:2025-08-07_11-33-45
2025-08-07_12-00-50,None,Shell.java:2025-08-07_12-00-50
2025-08-07_12-00-52,None,Shell.java:2025-08-07_12-00-50
2025-08-07_12-01-08,None,Shell.java:2025-08-07_12-01-08
2025-08-07_12-01-18,None,Shell.java:2025-08-07_12-01-18
2025-08-07_12-03-03,None,Shell.java:2025-08-07_12-03-03
2025-08-07_12-03-05,None,Shell.java:2025-08-07_12-03-03
2025-08-07_12-18-57,None,Shell.java:2025-08-07_12-03-03
2025-08-07_12-18-57,None,Shell.java:2025-08-07_12-03-03
2025-08-07_12-18-59,None,Shell.java:2025-08-07_12-03-03
2025-08-07_12-19-07,None,Shell.java:2025-08-07_12-03-03
